{"is_source_file": true, "format": "Python", "description": "This is a source file for a FastAPI application, setting up a simple web service with CORS middleware and a health check endpoint.", "external_files": ["fastapi", "fastapi.middleware.cors"], "external_methods": ["FastAPI()", "CORSMiddleware"], "published": ["app"], "classes": [], "methods": [{"name": "health_check()", "description": "A route handler for the root URL that returns a health status message.", "scope": "", "scopeKind": ""}], "calls": ["FastAPI()", "CORSMiddleware()"], "search-terms": ["FastAPI", "CORS", "health check", "main.py", "api", "middleware"], "state": 2, "file_id": 2, "knowledge_revision": 9, "git_revision": "252ae7e0bfa8bc27e19f593031fbf2669e2230bd", "ctags": [{"_type": "tag", "name": "app", "path": "/home/kavia/workspace/code-generation/connectplus-super-app-9565-9574/ai_nlp_engine/src/api/main.py", "pattern": "/^app = FastAPI()$/", "language": "Python", "kind": "variable"}, {"_type": "tag", "name": "health_check", "path": "/home/kavia/workspace/code-generation/connectplus-super-app-9565-9574/ai_nlp_engine/src/api/main.py", "pattern": "/^def health_check():$/", "language": "Python", "kind": "function", "signature": "()"}], "hash": "58352bf5f133908bab16643199aa483d", "format-version": 4, "code-base-name": "ai_nlp_engine", "filename": "ai_nlp_engine/src/api/main.py", "fields": [{"name": "app = FastAPI()", "scope": "", "scopeKind": "", "description": "unavailable"}], "revision_history": [{"9": "252ae7e0bfa8bc27e19f593031fbf2669e2230bd"}]}