{"is_source_file": true, "format": "Python", "description": "This file generates the OpenAPI schema for the FastAPI application and saves it as a JSON file.", "external_files": ["src/api/main.py"], "external_methods": ["app.openapi()"], "published": [], "classes": [], "methods": [{"name": "app.openapi", "description": "Method to generate the OpenAPI schema from the FastAPI app instance."}], "calls": ["app.openapi()", "os.makedirs", "os.path.join", "json.dump"], "search-terms": ["generate_openapi", "OpenAPI schema", "FastAPI", "schema generation", "save JSON"], "state": 2, "file_id": 4, "knowledge_revision": 8, "git_revision": "252ae7e0bfa8bc27e19f593031fbf2669e2230bd", "ctags": [{"_type": "tag", "name": "openapi_schema", "path": "/home/kavia/workspace/code-generation/connectplus-super-app-9565-9574/ai_nlp_engine/src/api/generate_openapi.py", "pattern": "/^openapi_schema = app.openapi()$/", "language": "Python", "kind": "variable"}, {"_type": "tag", "name": "output_dir", "path": "/home/kavia/workspace/code-generation/connectplus-super-app-9565-9574/ai_nlp_engine/src/api/generate_openapi.py", "pattern": "/^output_dir = \"interfaces\"$/", "language": "Python", "kind": "variable"}, {"_type": "tag", "name": "output_path", "path": "/home/kavia/workspace/code-generation/connectplus-super-app-9565-9574/ai_nlp_engine/src/api/generate_openapi.py", "pattern": "/^output_path = os.path.join(output_dir, \"openapi.json\")$/", "language": "Python", "kind": "variable"}], "hash": "61e3715e79bc397fab3e70f503a41417", "format-version": 4, "code-base-name": "ai_nlp_engine", "filename": "ai_nlp_engine/src/api/generate_openapi.py", "fields": [{"name": "openapi_schema = app.openapi()", "scope": "", "scopeKind": "", "description": "unavailable"}, {"name": "output_dir = \"interfaces\"", "scope": "", "scopeKind": "", "description": "unavailable"}, {"name": "output_path = os.path.join(output_dir, \"openapi.json\")", "scope": "", "scopeKind": "", "description": "unavailable"}], "revision_history": [{"8": "252ae7e0bfa8bc27e19f593031fbf2669e2230bd"}]}