{"is_source_file": true, "file_id": 4, "git_revision": "", "state": 1, "description": "", "external_files": [], "external_methods": [], "published": [], "classes": [], "methods": [], "calls": [], "search-terms": [], "ctags": [{"_type": "tag", "name": "openapi_schema", "path": "/home/kavia/workspace/code-generation/connectplus-super-app-9565-9574/ai_nlp_engine/src/api/generate_openapi.py", "pattern": "/^openapi_schema = app.openapi()$/", "language": "Python", "kind": "variable"}, {"_type": "tag", "name": "output_dir", "path": "/home/kavia/workspace/code-generation/connectplus-super-app-9565-9574/ai_nlp_engine/src/api/generate_openapi.py", "pattern": "/^output_dir = \"interfaces\"$/", "language": "Python", "kind": "variable"}, {"_type": "tag", "name": "output_path", "path": "/home/kavia/workspace/code-generation/connectplus-super-app-9565-9574/ai_nlp_engine/src/api/generate_openapi.py", "pattern": "/^output_path = os.path.join(output_dir, \"openapi.json\")$/", "language": "Python", "kind": "variable"}], "format": "Python", "hash": "61e3715e79bc397fab3e70f503a41417", "format-version": 4, "code-base-name": "ai_nlp_engine", "filename": "ai_nlp_engine/src/api/generate_openapi.py", "knowledge_revision": 5}