{"is_source_file": true, "file_id": 2, "git_revision": "", "state": 1, "description": "", "external_files": [], "external_methods": [], "published": [], "classes": [], "methods": [], "calls": [], "search-terms": [], "ctags": [{"_type": "tag", "name": "app", "path": "/home/kavia/workspace/code-generation/connectplus-super-app-9565-9574/ai_nlp_engine/src/api/main.py", "pattern": "/^app = FastAPI()$/", "language": "Python", "kind": "variable"}, {"_type": "tag", "name": "health_check", "path": "/home/kavia/workspace/code-generation/connectplus-super-app-9565-9574/ai_nlp_engine/src/api/main.py", "pattern": "/^def health_check():$/", "language": "Python", "kind": "function", "signature": "()"}], "format": "Python", "hash": "58352bf5f133908bab16643199aa483d", "format-version": 4, "code-base-name": "ai_nlp_engine", "filename": "ai_nlp_engine/src/api/main.py", "knowledge_revision": 3}